id;name;pic_cover;tel;line_uname;description;age;category;price
1001;แซนวิชเห็ดแชมปิญอง;https://i.imgsafe.org/30/30d146899c.jpeg;0719999999;@okokok;The quick brown fox jumps over the lazy dog The quick brown fox jumps over the lazy dog The quick brown fox jumps over the lazy dog;20;FEMALE;1500
1002;แซนวิชเบคอนใส่ไข่;https://i.imgsafe.org/ca/cad3a6207e.jpeg;07169696969;@okokok;The quick brown fox jumps over the lazy dog The quick brown fox jumps over the lazy dog The quick brown fox jumps over the lazy dog;20;LADY_BOY;1000
1003;สลัดทูน่า;https://i.imgsafe.org/cb/cb0ccb920e.jpeg;07169696969;@okokok;The quick brown fox jumps over the lazy dog The quick brown fox jumps over the lazy dog The quick brown fox jumps over the lazy dog;20;FEMALE;1300
1004;แพนเค๊ก;https://i.imgsafe.org/cb/cb0cd95098.jpeg;07169696969;@okokok;The quick brown fox jumps over the lazy dog The quick brown fox jumps over the lazy dog The quick brown fox jumps over the lazy dog;20;TOM;2500
1005;แซนวิชเห็ดแชมปิญอง;https://i.imgsafe.org/30/30d146899c.jpeg;0719999999;@okokok;The quick brown fox jumps over the lazy dog The quick brown fox jumps over the lazy dog The quick brown fox jumps over the lazy dog;20;FEMALE;1500
1006;แซนวิชเบคอนใส่ไข่;https://i.imgsafe.org/ca/cad3a6207e.jpeg;07169696969;@okokok;The quick brown fox jumps over the lazy dog The quick brown fox jumps over the lazy dog The quick brown fox jumps over the lazy dog;20;LADY_BOY;1000
1007;สลัดทูน่า;https://i.imgsafe.org/cb/cb0ccb920e.jpeg;07169696969;@okokok;The quick brown fox jumps over the lazy dog The quick brown fox jumps over the lazy dog The quick brown fox jumps over the lazy dog;20;FEMALE;1300
1008;แพนเค๊ก;https://i.imgsafe.org/cb/cb0cd95098.jpeg;07169696969;@okokok;The quick brown fox jumps over the lazy dog The quick brown fox jumps over the lazy dog The quick brown fox jumps over the lazy dog;20;TOM;2500
1009;แซนวิชเห็ดแชมปิญอง;https://i.imgsafe.org/30/30d146899c.jpeg;0719999999;@okokok;The quick brown fox jumps over the lazy dog The quick brown fox jumps over the lazy dog The quick brown fox jumps over the lazy dog;20;FEMALE;1500
1010;แซนวิชเบคอนใส่ไข่;https://i.imgsafe.org/ca/cad3a6207e.jpeg;07169696969;@okokok;The quick brown fox jumps over the lazy dog The quick brown fox jumps over the lazy dog The quick brown fox jumps over the lazy dog;20;LADY_BOY;1000
1011;สลัดทูน่า;https://i.imgsafe.org/cb/cb0ccb920e.jpeg;07169696969;@okokok;The quick brown fox jumps over the lazy dog The quick brown fox jumps over the lazy dog The quick brown fox jumps over the lazy dog;20;FEMALE;1300
1012;แพนเค๊ก;https://i.imgsafe.org/cb/cb0cd95098.jpeg;07169696969;@okokok;The quick brown fox jumps over the lazy dog The quick brown fox jumps over the lazy dog The quick brown fox jumps over the lazy dog;20;TOM;2500
1013;แซนวิชเห็ดแชมปิญอง;https://i.imgsafe.org/30/30d146899c.jpeg;0719999999;@okokok;The quick brown fox jumps over the lazy dog The quick brown fox jumps over the lazy dog The quick brown fox jumps over the lazy dog;20;FEMALE;1500
1014;แซนวิชเบคอนใส่ไข่;https://i.imgsafe.org/ca/cad3a6207e.jpeg;07169696969;@okokok;The quick brown fox jumps over the lazy dog The quick brown fox jumps over the lazy dog The quick brown fox jumps over the lazy dog;20;LADY_BOY;1000
1015;สลัดทูน่า;https://i.imgsafe.org/cb/cb0ccb920e.jpeg;07169696969;@okokok;The quick brown fox jumps over the lazy dog The quick brown fox jumps over the lazy dog The quick brown fox jumps over the lazy dog;20;FEMALE;1300
1016;แพนเค๊ก;https://i.imgsafe.org/cb/cb0cd95098.jpeg;07169696969;@okokok;The quick brown fox jumps over the lazy dog The quick brown fox jumps over the lazy dog The quick brown fox jumps over the lazy dog;20;TOM;2500
1017;แซนวิชเห็ดแชมปิญอง;https://i.imgsafe.org/30/30d146899c.jpeg;0719999999;@okokok;The quick brown fox jumps over the lazy dog The quick brown fox jumps over the lazy dog The quick brown fox jumps over the lazy dog;20;FEMALE;1500
1018;แซนวิชเบคอนใส่ไข่;https://i.imgsafe.org/ca/cad3a6207e.jpeg;07169696969;@okokok;The quick brown fox jumps over the lazy dog The quick brown fox jumps over the lazy dog The quick brown fox jumps over the lazy dog;20;LADY_BOY;1000
1019;สลัดทูน่า;https://i.imgsafe.org/cb/cb0ccb920e.jpeg;07169696969;@okokok;The quick brown fox jumps over the lazy dog The quick brown fox jumps over the lazy dog The quick brown fox jumps over the lazy dog;20;FEMALE;1300
1020;แพนเค๊ก;https://i.imgsafe.org/cb/cb0cd95098.jpeg;07169696969;@okokok;The quick brown fox jumps over the lazy dog The quick brown fox jumps over the lazy dog The quick brown fox jumps over the lazy dog;20;TOM;2500
1021;แซนวิชเห็ดแชมปิญอง;https://i.imgsafe.org/30/30d146899c.jpeg;0719999999;@okokok;The quick brown fox jumps over the lazy dog The quick brown fox jumps over the lazy dog The quick brown fox jumps over the lazy dog;20;FEMALE;1500
1022;แซนวิชเบคอนใส่ไข่;https://i.imgsafe.org/ca/cad3a6207e.jpeg;07169696969;@okokok;The quick brown fox jumps over the lazy dog The quick brown fox jumps over the lazy dog The quick brown fox jumps over the lazy dog;20;LADY_BOY;1000
1023;สลัดทูน่า;https://i.imgsafe.org/cb/cb0ccb920e.jpeg;07169696969;@okokok;The quick brown fox jumps over the lazy dog The quick brown fox jumps over the lazy dog The quick brown fox jumps over the lazy dog;20;FEMALE;1300
1024;แพนเค๊ก;https://i.imgsafe.org/cb/cb0cd95098.jpeg;07169696969;@okokok;The quick brown fox jumps over the lazy dog The quick brown fox jumps over the lazy dog The quick brown fox jumps over the lazy dog;20;TOM;2500
